{
  "results": [
    {
      "command": "python3 tools/status/specshift_qa.py",
      "mean": 0.64435252244,
      "stddev": 0.001638154223246065,
      "median": 0.64455977244,
      "user": 0.47213612,
      "system": 0.13512646666666664,
      "min": 0.64262060544,
      "max": 0.6458771894399999,
      "times": [
        0.64455977244,
        0.64262060544,
        0.6458771894399999
      ],
      "memory_usage_byte": [
        43646976,
        43646976,
        43696128
      ],
      "exit_codes": [
        0,
        0,
        0
      ]
    }
  ]
}
